21-Jan-2026	Susu ultra	Kebutuhan Anak	RP.    19,950.00
	Lolipop Candy music	Kebutuhan Anak	RP.    31,450.00
	Ayam Paha	Makan	RP.    30,734.00
	Udang Peci	Makan	RP.    28,000.00
	Mr. Potato	Kebutuhan Keinginan	RP.    23,000.00
	Saos Belibis	Makan	RP.    15,750.00
	Indomie goreng / Mie	Makan	RP.    20,500.00
	Roti hailai	Makan	RP.    15,500.00
	Lengkeng	Makan	RP.    12,500.00
	Gummy yupi mobil	Kebutuhan Anak	RP.    13,000.00
22-Jan-2026	Gorengan jajan sekolah	Makan	RP.    4,000.00
	Kopi Abbi WFC	Kebutuhan Keinginan	RP.    28,000.00
	Baju PGRI	Kebutuhan Tambahan	RP.    200,000.00
	Gajian enin	Kebutuhan Anak	RP.    50,000.00
	jajan kue basah pagi2 Khalisa n Emran	Makan	RP.    10,000.00
		-



Gajian
23-Jan-2026	bayar superbank	Tagihan	RP.    1,244,000.00
	bayar gopayltr	Tagihan	RP.    262,140.00
	Iuran DWP Dharma wanita	Kebutuhan Kultural	RP.    30,000.00
	bumbu2	Makan	RP.    12,000.00
	telur stngh kg	Makan	RP.    15,000.00
	tempe tahu dan bwng daun	Makan	RP.    6,500.00
	ayam 1Kg	Makan	RP.    41,000.00
	bayar ke mamah	Tagihan	RP.    500,000.00
	susu 	Kebutuhan Anak	RP.    22,500.00
	popok	Kebutuhan Anak	RP.    49,900.00
	Gajian enin	Kebutuhan Anak	RP.    200,000.00
	Boled	Makan	RP.    15,000.00
	my republik inet	Tagihan	RP.    150,000.00
	bensin mobil	Transportasi	RP.    205,000.00
	tisu tessa	Makan	RP.    26,000.00
	sikat gigi abbi	Kebutuhan Rumah Tangga	RP.    19,300.00
	kodomo sikat gigi anak	Kebutuhan Anak	RP.    11,200.00
	minyakwangi khalisa	Kebutuhan Anak	RP.    14,500.00
	kapas	Kebutuhan Rumah Tangga	RP.    9,000.00
	sabun ekonomi 	Kebutuhan Rumah Tangga	RP.    9,500.00
	tisu basah	Kebutuhan Anak	RP.    5,000.00
	stela	Kebutuhan Rumah Tangga	RP.    9,500.00
	sunco minyak goreng	Makan	RP.    40,000.00
	susu ultra 	Makan	RP.    60,000.00
	susu kntl manis	Makan	RP.    15,000.00
	susu epaporasi	Makan	RP.    17,500.00
	astor xxxtra	Makan	RP.    41,600.00
	jeruk	Makan	RP.    30,000.00
	lengkeng	Makan	RP.    13,000.00
	alpukat	Makan	RP.    6,500.00
	bwng bombay	Makan	RP.    4,000.00
	jahe bubuk	Makan	RP.    5,300.00
	ketumbar bubuk	Makan	RP.    4,100.00
	food prep	Kebutuhan Rumah Tangga	RP.    39,130.00
	mainan emran 	Kebutuhan Anak	RP.    9,000.00
	telur ayam	Makan	RP.    25,000.00
	mangkok 	Kebutuhan Rumah Tangga	RP.    19,250.00
	beras 2	Makan	RP.    149,000.00
	popok emran	Kebutuhan Anak	RP.    82,500.00
	jeruk dan bolen for mamah	Kebutuhan Kultural	RP.    50,500.00
		-
		-
24-Jan-2026	sayuran tahu tempe dll	Makan	RP.    31,000.00
	bandeng	Makan	RP.    7,000.00
	dada ayam	Makan	RP.    42,000.00
	Cemilan	Kebutuhan Tambahan	RP.    50,000.00
	Sedekah ka si Ado	Kebutuhan Kultural	RP.    50,000.00
	Bajigur	Kebutuhan Tambahan	RP.    20,000.00
	Stroberi oleh oleh	Kebutuhan Tambahan	RP.    15,000.00
	Toilet	Kebutuhan Tambahan	RP.    25,000.00
	Makan di lembah dewata	Makan	RP.    80,000.00
	Jas hujan	Kebutuhan Tambahan	RP.    20,000.00
	mie telor	Makan	RP.    5,000.00
	Oleh oleh bolu sulem	Kebutuhan Tambahan	RP.    184,000.00
	Baju oleh oleh anak	Kebutuhan Tambahan	RP.    50,000.00

25-Jan-2026	ciyok emyan	Kebutuhan Anak	RP.    3,000.00
	bayar pajak stnk mobil	Transportasi	RP.    2,366,500.00
	terigu protein	Makan	RP.    20,000.00
	Robi tagihan 	Tagihan	RP.    100,000.00
	chatGPT	Kebutuhan Kultural	RP.    83,250.00
	jajan teh neng barocil	Makan	RP.    12,000.00
	cukur abbi	Kebutuhan Keinginan	RP.    40,000.00
	Batagor dan gorengan 	Makan	RP.    27,000.00
	bayar pajak motor beat	Transportasi	RP.    190,800.00


26-Jan-2026	ngasih administrasi  ke samsat	Kebutuhan Tambahan	RP.    50,000.00
	fotocopy pembayaran	Kebutuhan Tambahan	RP.    1,000.00
	patungan bu tati bensin	Kebutuhan Tambahan	RP.    20,000.00
	beli krim evara	Kebutuhan Rumah Tangga	RP.    146,000.00
	beli gorengan khalisa pagi2	Makan	RP.    7,000.00
	bayar seabank	Tagihan	RP.    4,240,000.00
	bayar gopaylater	Tagihan	RP.    223,500.00
	gajian enin	Kebutuhan Anak	RP.    50,000.00
	sayuran dan makanan buat buka puasa senin	Makan	RP.    68,000.00
	kerupuk	Makan	RP.    5,000.00
	RQ Khalisa	Kebutuhan Anak	RP.    200,000.00

27-Jan-2026	Neng Dini	Tagihan	RP.    100,000.00
	Pelicin setrika	Kebutuhan Rumah Tangga	RP.    18,500.00
	Sendal emran	Kebutuhan Anak	RP.    22,000.00
	Lipstik	Kebutuhan Kultural	RP.    31,000.00
	khalisa jajan pagi	Kebutuhan Anak	RP.    5,000.00
	Jambu kristal, cheese roll, ikan bakar	Makan	RP.    60,000.00
	Tahu krispi+ayam penyet	Makan	RP.    30,000.00
	Telor	Makan	RP.    14,500.00
	Kripik	Kebutuhan Keinginan	RP.    5,000.00
	Pisang	Makan	RP.    13,000.00
28-Jan-2026	Sarapan	Makan	RP.    13,000.00
	Gorengan 	Makan	RP.    3,000.00
	Galon sekolah	Kebutuhan Keinginan	RP.    5,000.00
	Monev BOS 	Kebutuhan Tambahan	RP.    25,000.00
	Jajan bocil	Kebutuhan Anak	RP.    20,000.00
	Gajian enin	Kebutuhan Anak	RP.    300,000.00
	ongkos bis mjl-bekasi	Transportasi	RP.    93,000.00
	jajan kacang di bis	Kebutuhan Keinginan	RP.    5,000.00
	makan siang di depok	Makan	RP.    20,000.00
	jajan batagor di btu	Kebutuhan Keinginan	RP.    10,000.00
	krl bekasi - depok	Transportasi	RP.    5,000.00
	makan malam	Makan	RP.    15,000.00
	minum kopi gooday	Kebutuhan Keinginan	RP.    8,000.00

29-Jan-2026	Kecemplung	Makan	RP.    4,000.00
	Telor 1/4kg	Makan	RP.    7,500.00
	Jajan anak 	Kebutuhan Anak	RP.    5,000.00
	Enin 	Kebutuhan Anak	RP.    50,000.00
	Makan ayam goreng umma	Makan	RP.    13,000.00
	Parkir mobil	Transportasi	RP.    3,000.00
	Susu cimory indomart	Makan	RP.    13,000.00
	Beef teriyaki+kentang goreng frozen	Makan	RP.    81,000.00
	Mochi dan basmol	Makan	RP.    15,000.00
		-

30-Jan-2026	sarapan pagi abbi di stasiun	Makan	RP.    13,000.00
	mako	Kebutuhan Keinginan	RP.    98,500.00
	ngebul abbi	Kebutuhan Keinginan	RP.    22,000.00
	makan siang	Makan	RP.    13,000.00
	bakso goreng	Makan	RP.    10,000.00
	minuman lemineral	Makan	RP.    5,000.00
	jajan bocil	Kebutuhan Anak	RP.    32,500.00
	neng dini	Tagihan	RP.    105,000.00
	pijet abbi	Kebutuhan Keinginan	RP.    90,000.00

31-Jan-2026	sayur	Makan	RP.    26,000.00
	ayam	Makan	RP.    80,000.00
	kulit dimsum	Makan	RP.    15,000.00
	nasi kuning	Makan	RP.    15,000.00
	Bumbu minyak wijen, garlic, ikan, saos tiram	Makan	RP.    46,000.00
	Baju putri duyung Khalisa 	Kebutuhan Anak	RP.    28,000.00
	Mobilan Emran	Kebutuhan Anak	RP.    11,000.00
	BH umma	Kebutuhan Rumah Tangga	RP.    81,500.00
	Bawang goreng	Makan	RP.    22,500.00
	plastik sampah	Kebutuhan Rumah Tangga	RP.    20,900.00
	jajan anak2	Kebutuhan Anak	RP.    12,000.00
	abbi ngopi ngonday	Kebutuhan Keinginan	RP.    10,000.00
	play ground dan koin	Kebutuhan Anak	RP.    70,000.00
	parkir 	Transportasi	RP.    4,500.00
	jogja	Makan	RP.    87,500.00
	bayar spaylater abbi	Tagihan	RP.    1,630,000.00
	bayar spaylater umma	Tagihan	RP.    935,000.00
	bayar gopay pinjam abbi	Tagihan	RP.    478,000.00
	sapu 	Kebutuhan Rumah Tangga	RP.    10,000.00
	kecap kerupuk	Makan	RP.    15,000.00
	detergen nyuci	Kebutuhan Rumah Tangga	RP.    10,000.00

1-Feb-2026	ka wa mahdi	Kebutuhan Kultural	RP.    50,000.00
	beli sayuran	Makan	RP.    22,000.00
	bumbu ke teh neng (muncang, masako, mie telor)	Makan	RP.    12,500.00
	ongkos bis abbi	Transportasi	RP.    78,000.00
	ojeg pangkalan terminal - stasiun	Transportasi	RP.    10,000.00
	gojek stasiun kontrakan btu	Transportasi	RP.    16,500.00
	krl bekasi - depok	Transportasi	RP.    5,000.00
	beli roti wangi buat orin	Kebutuhan Kultural	RP.    50,000.00

2-Feb-2026	ngebul abbi	Kebutuhan Keinginan	RP.    26,500.00
	sarapan abbi	Makan	RP.    15,000.00
	krl depok - bojonggede	Transportasi	RP.    3,000.00
	gojek kontrakan - stasiun	Transportasi	RP.    13,000.00
	Soto sarapan emran	Makan	RP.    5,000.00
	pempek di sekolah	Makan	RP.    24,000.00
	gojek pusdatin - pool primajasa	Transportasi	RP.    9,000.00
	bis ciputat - cikopo	Transportasi	RP.    55,000.00
	makan siang di warung kondre	Makan	RP.    61,000.00
	bis cikopo - majalengka	Transportasi	RP.    68,000.00
	cemilan kacang	Makan	RP.    5,000.00
	Bayar iuran masjid	Kebutuhan Kultural	RP.    56,000.00
	Nasi kebuli	Makan	RP.    16,000.00
	air mineral dan lontong + goyengan	Makan	RP.    15,000.00
	wc	Kebutuhan Tambahan	RP.    4,000.00
	Bayar dede Robi	Tagihan	RP.    100,000.00
	Mere teh yeyen	Kebutuhan Kultural	RP.    150,000.00
	Basreng	Makan	RP.    15,000.00



3-Feb-2026	Bayar PGRI	Kebutuhan Kultural	RP.    54,000.00
	Uleman Pak Kadis	Kebutuhan Kultural	RP.    25,000.00
	ayan	Makan	RP.    28,000.00
	kerupuk + susu	Makan	RP.    12,000.00
	ngopi layangan	Kebutuhan Keinginan	RP.    10,000.00
	neng dini	Tagihan	RP.    1,000,000.00
	jajan umma	Makan	RP.    7,000.00
	ngasih mang ade	Kebutuhan Kultural	RP.    50,000.00
	makan malam	Makan	RP.    30,000.00

4-Feb-2026	sayuran tongseng	Makan	RP.    27,000.00
	enin	Kebutuhan Anak	RP.    50,000.00
	Kopi fieris	Makan	RP.    45,000.00

5-Feb-2026	abey	Makan	RP.    25,000.00
	susu emran	Kebutuhan Anak	RP.    22,500.00
	yoghurt + susu	Makan	RP.    18,500.00
	bubur kacang hijau	Makan	RP.    18,000.00
	jajan sekolah	Makan	RP.    13,000.00
	ayam potong	Makan	RP.    42,000.00
	sayuran	Makan	RP.    11,000.00
	endog + saori tiram	Makan	RP.    17,500.00
	susu emran	Kebutuhan Anak	RP.    7,000.00
	cemilan sore abbi	Kebutuhan Keinginan	RP.    7,000.00

6-Feb-2026	mie ayam sekolah	Makan	RP.    6,000.00
	neng dini RS	Kebutuhan Tambahan	RP.    238,000.00
	enin	Kebutuhan Anak	RP.    110,000.00
	teh eha	Kebutuhan Kultural	RP.    100,000.00
	Batagor	Makan	RP.    12,000.00
	telor	Makan	RP.    15,000.00
	tempe	Makan	RP.    5,000.00
	pulsa kuota	Kebutuhan Rumah Tangga	RP.    55,000.00

7-Feb-2026	sangu koneng + minum	Makan	RP.    45,000.00
	ayam	Makan	RP.    44,000.00
	mie telor	Makan	RP.    3,500.00
	neng dininsarapan	Makan	RP.    4,000.00
	aoka teteh khalisa	Makan	RP.    5,000.00
	Alfamart 	Makan	RP.    34,500.00
	Parkir	Transportasi	RP.    2,000.00
	Bebek	Makan	RP.    30,000.00
	Dioxide kelek	Kebutuhan Rumah Tangga	RP.    69,000.00
	Listrik	Kebutuhan Rumah Tangga	RP.    352,500.00

8-Feb-2026	Ayam fillet	Makan	RP.    43,000.00
	Sayuran	Makan	RP.    56,000.00
	Kecap dan ladaku	Makan	RP.    12,000.00
	Es krim mixue	Makan	RP.    16,500.00
	Jajan ke teh neng eli sore dan bayar utang	Kebutuhan Anak	RP.    9,500.00
	Tahu bulat	Makan	RP.    16,000.00
	Raket apacs	-
	Raket biasa	Kebutuhan Kultural	RP.    300,000.00
	daftar turnamen	Kebutuhan Keinginan	RP.    10,000.00

9-Feb-2026	Lumpia	Makan	RP.    5,000.00
	Jajan emran 	Kebutuhan Anak	RP.    10,000.00
	sarapan abbi	Makan	RP.    20,000.00
	cemilan bis	Makan	RP.    10,000.00
	ongkos mjl - cikopo	Transportasi	RP.    68,000.00
	cikopo - ciputat	Transportasi	RP.    55,000.00
	makan siang	Makan	RP.    18,000.00
	bis ciputat - cikopo	Transportasi	RP.    40,000.00
	bis cikopo - mjl	Transportasi	RP.    68,000.00
	makan lontong dll	Makan	RP.    15,000.00
	ojek cigasong - rumah	Transportasi	RP.    15,000.00


10-Feb-2026	enin	Kebutuhan Anak	RP.    200,000.00
	plastik	Kebutuhan Rumah Tangga	RP.    16,000.00









11-Feb-2026	jajan khalisa	Kebutuhan Anak	RP.    2,500.00
	bensin motor beat	Transportasi	RP.    30,000.00
	jajan kiripik	Makan	RP.    5,000.00
	Beli pisang dan sayuran	Makan	RP.    25,000.00
	Beli etong dan jus	Makan	RP.    52,000.00
	telurr + ladaku	Makan	RP.    17,500.00
	kerupuk	Makan	RP.    5,000.00

12-Feb-2026	ayam	Makan	RP.    47,000.00
	parkir 	Transportasi	RP.    2,000.00
	tempe	Makan	RP.    6,000.00
	jajan malam	Makan	RP.    45,000.00
	minyakwangi	Kebutuhan Rumah Tangga	RP.    70,000.00
	gamis	Kebutuhan Tambahan	RP.    395,700.00
	iuran dwp	Kebutuhan Tambahan	RP.    47,500.00
	Enin lembur	Kebutuhan Anak	RP.    25,000.00
13-Feb-2026	abbi ngebul	Kebutuhan Keinginan	RP.    26,000.00
	baso si emas	Makan	RP.    18,500.00
	Sigana	Makan	RP.    50,000.00

14-Feb-2026	Telor	Makan	RP.    16,000.00
	Tempe dan minyak goreng	Makan	RP.    16,000.00

15-Feb-2026	Jajan roti wangi, batagor, dan es 	Makan	RP.    59,000.00
	Bengkel motor standar	Transportasi	RP.    21,000.00
	bekel turnamen	Kebutuhan Keinginan	RP.    60,000.00

16-Feb-2026	daging	Makan	RP.    92,000.00
	bumbu dan kacang kacangan jus, sukun, dll ke pasar	Makan	RP.    118,000.00
	Bengkel mobil	Transportasi	RP.    55,000.00
17-Feb-2026	Kulit pangsit, wortel, daun bawang, daun pisang, kemangi, minyak goreng, susu, yogurt,	Makan	RP.    92,500.00
	Masako	Makan	RP.    8,000.00
	Kripik dan kara	Makan	RP.    10,000.00
	Jajan khalisa emran pagi	Kebutuhan Anak	RP.    5,000.00
	Sabun cuci baju	Kebutuhan Rumah Tangga	RP.    10,000.00
	Susu emran di indomart	Kebutuhan Anak	RP.    18,000.00
	Daging ayam frozen kios unggs	Makan	RP.    40,000.00
	Es cendol

18-Feb-2026	Jajan khalisa emran	Kebutuhan Anak	RP.    10,000.00
	Bayar kuliah dini	Tagihan	RP.    900,000.00
	Beli ayam madura	Makan	RP.    45,000.00
	Susu emran	Kebutuhan Anak	RP.    38,000.00
	Alpukat dan salak	Makan	RP.    22,000.00
	Ngasih Rezan	Kebutuhan Kultural	RP.    15,000.00
		-
19-Feb-2026	design layangan	Kebutuhan Keinginan	RP.    25,000.00
	griya	Makan	RP.    114,500.00
	daging ke amana	Makan	RP.    72,000.00
	sayuran	Makan	RP.    20,000.00
	es batu dan kecap	Makan	RP.    4,000.00
	beli BH dan cangcut	Kebutuhan Rumah Tangga	RP.    125,000.00
		-
20-Feb-2026	ayam	Makan	RP.    90,000.00
	Enin	Kebutuhan Anak	RP.    50,000.00
	Bumbu2	Makan	RP.    20,000.00
	Gas elpiji	Kebutuhan Rumah Tangga	RP.    209,000.00
	Bensin	Transportasi	RP.    115,000.00
	Khalisa emran jaja	Kebutuhan Anak	RP.    7,000.00
	Sodakoh palestin	Kebutuhan Kultural	RP.    50,000.00
		-
21-Feb-2026	Sayuran	Makan	RP.    19,000.00
	Dimsum 	Makan	RP.    24,000.00
	Beras	Makan	RP.    73,500.00
		-
		-
22-Feb-2026	belibis	Makan	RP.    9,000.00
	ongkos bis mjl bekasi	Transportasi	RP.    93,000.00
	beli minum	Makan	RP.    5,000.00
	makan sahur	Makan	RP.    21,000.00
	krl	Transportasi	RP.    5,000.00
	gojek stasiun kntrakan btu	Transportasi	RP.    17,500.00
	gojekkl kntrakan ke stasiun	Transportasi	RP.    12,500.00
	krl depok bojonggede	Transportasi	RP.    3,000.00
	Jajan dan popok dan buah2an anak2	Kebutuhan Anak	RP.    129,400.00

		-
		-
23-Feb-2026	Gojeg tth	Kebutuhan Anak	RP.    10,000.00
	Sodakoh khalisa	Kebutuhan Anak	RP.    10,000.00
	Bayar sertifikasi rikardo	Kebutuhan Kultural	RP.    75,000.00
	Ayam dan cengek	Makan	RP.    51,000.00
	Beli buat buka puasa	Makan	RP.    26,000.00
	gojek  margonda - btu	Transportasi	RP.    24,000.00
	takjil buat anak2 btu	Makan	RP.    52,000.00

		-
24-Feb-2026	Gojek khalisa	Kebutuhan Anak	RP.    12,000.00
	Makan rocket chiken umma	Makan	RP.    27,000.00
	Bensin mobil	Transportasi	RP.    255,000.00
	Enin gajian	Kebutuhan Anak	RP.    250,000.00
	Beli plastik cup buat es buah	Kebutuhan Kultural	RP.    16,500.00
	makan sahur abbi warteg	Makan	RP.    21,000.00
	gojek btu - stasiun	Transportasi	RP.    13,000.00
	krl depok - bekasi	Transportasi	RP.    5,000.00
	beli makan takjil buka	Makan	RP.    21,000.00
	angkot stasiun terminal	Transportasi	RP.    5,000.00
	bis bekasi - majalengka	Transportasi	RP.    78,000.00
	cemilan keripik kacang di bis	Makan	RP.    10,000.00
	alpukat	Makan	RP.    13,000.00
	tahu mang cakri	Makan	RP.    10,000.00
		-
	GAJIAN	-
25-Feb-2026	Chatgpt	Kebutuhan Kultural	RP.    83,250.00
	Superbank	Tagihan	RP.    326,400.00
	Gopaylater	Tagihan	RP.    36,200.00
	My Republic inet	Tagihan	RP.    150,000.00
	cukur + pijat	Self Reward Abbi	RP.    120,000.00
	sosro teh botol	Kebutuhan Kultural	RP.    19,500.00
	monde serena	Kebutuhan Kultural	RP.    59,000.00
	monde egroll	Kebutuhan Kultural	RP.    73,000.00
	xxtra astor	Kebutuhan Kultural	RP.    35,500.00
	xxtra astor	Makan	RP.    71,000.00
	kopi kapal api	Kebutuhan Kultural	RP.    19,500.00
	mie sedap	Kebutuhan Kultural	RP.    25,200.00
	capucino kopi	Kebutuhan Kultural	RP.    12,000.00
	tisu wajah	Kebutuhan Rumah Tangga	RP.    25,900.00
	sunco minyak gorng	Makan	RP.    40,000.00
	minyak sayur	Kebutuhan Kultural	RP.    18,000.00
	bawang bombay	Makan	RP.    6,000.00
	pir	Makan	RP.    17,200.00
	mie abc	Makan	RP.    2,500.00
	gula pasir	Makan	RP.    9,000.00
	pop mie	Makan	RP.    4,600.00
	pampers	Kebutuhan Anak	RP.    76,000.00
	beras	Makan	RP.    74,500.00
	sabun cuci piring	Kebutuhan Rumah Tangga	RP.    8,700.00
	pastagigi	Kebutuhan Rumah Tangga	RP.    20,750.00
	hadiah teteh sampo	Kebutuhan Anak	RP.    16,000.00
	bwang merah	Makan	RP.    6,300.00
	makan siang umma	Makan	RP.    43,000.00
	parkir	Transportasi	RP.    3,000.00
	dimsum	Makan	RP.    10,000.00
	bayar neng dini	Tagihan	RP.    80,000.00
	suno	Kebutuhan Tambahan	RP.    165,000.00
	takjil	Makan	RP.    60,000.00
		-
26-Feb-2026	takjil	Makan	RP.    38,000.00
	dp baju senyap	Self Reward Abbi	RP.    215,000.00
	Susu Emran	Kebutuhan Anak	RP.    33,500.00
	teh botol	Kebutuhan Kultural	RP.    19,500.00
	Parkir motor 2x	Transportasi	RP.    4,000.00
	Infak teteh khalisa dan beli buku	Kebutuhan Anak	RP.    30,000.00
		-
27-Feb-2026	infak teteh khalisa	Kebutuhan Kultural	RP.    10,000.00
	Hisana 	Makan	RP.    37,000.00
	parkir	Transportasi	RP.    2,000.00
	Teh euis rumah lgk	Kebutuhan Kultural	RP.    2,000,000.00
	Robi Grab tanggerang-crb	Kebutuhan Kultural	RP.    750,000.00
	Ayam dan telur	Makan	RP.    98,000.00
	bumbu2 dan lain lain	Makan	RP.    41,000.00
	enin	Kebutuhan Kultural	RP.    88,000.00
	beli daster + ciput	Kebutuhan Rumah Tangga	RP.    83,000.00
	sambel	Makan	RP.    23,000.00
	pensil alis	Self Reward Umma	RP.    24,500.00
	oat milk	Makan	RP.    33,500.00
	kaos kaki	Self Reward Umma	RP.    23,000.00
	seabank	Tagihan	RP.    4,947,000.00
	spaylater	Tagihan	RP.    4,948,000.00
	gopaylater	Tagihan	RP.    286,000.00
	spaylater abbi	Tagihan	RP.    557,000.00
	gopay pinjam	Tagihan	RP.    482,295.00
		-
28-Feb-2026	Kolek+pempek+gorengan	Makan	RP.    32,000.00
	Jajan tth khalisa+emran	Kebutuhan Anak	RP.    7,000.00
	Celana panjang tth khalisa dan baju mansetnya	Kebutuhan Anak	RP.    84,000.00
	Celana chino abbi	Kebutuhan Tambahan	RP.    133,000.00
	Meja belajar tth	Kebutuhan Anak	RP.    32,000.00
	Bayar SPP tth khalisa, catering dan les Qur'an	Kebutuhan Anak	RP.    1,200,000.00
		-
1-Mar-2026	Bayar listrik 	Kebutuhan Rumah Tangga	RP.    307,700.00
	beli ayam dan sayuran	Makan	RP.    51,000.00
	beli takjil kolek, candil, cilok dimsum, bonteng suri	Makan	RP.    53,000.00
	Semvak emran	Kebutuhan Anak	RP.    56,500.00
		-
2-Mar-2026	Robi SKCK	Tagihan	RP.    101,000.00
	Paket data umma	Kebutuhan Rumah Tangga	RP.    50,000.00
	Baru baterai jam sekolah	Kebutuhan Tambahan	RP.    3,500.00
	takjil basreng	Makan	RP.    10,000.00
	khalisa emran jajan	Kebutuhan Anak	RP.    11,500.00
	gunting kuku	Kebutuhan Rumah Tangga	RP.    5,000.00
	ikan + bumbu	Makan	RP.    61,500.00
	Dimsum	Makan	RP.    20,000.00
	Ngasih bi Enok	Kebutuhan Kultural	RP.    30,000.00
	Dokter anak	Kebutuhan Anak	RP.    85,000.00
3-Mar-2026	Roti wangi	Makan	RP.    35,000.00
	Cemilan kiripik dan roid	Makan	RP.    30,000.00
	Ikan etong bakar	Makan	RP.    40,000.00
	Gajian enin	Kebutuhan Anak	RP.    100,000.00
	ngasih buat beli es enin	Kebutuhan Kultural	RP.    10,000.00
	Gorengan dan es klapa	Makan	RP.    37,000.00
		-
4-Mar-2026	Beli makanan buat sahur kedai alsa	Makan	RP.    50,000.00
	Beli sate lontong+ gorengan	Makan	RP.    47,000.00
	Isi ban kempes	Transportasi	RP.    3,000.00
	Khalisa bayar zakat fitrah, infak, dan sodakoh	Kebutuhan Anak	RP.    150,000.00
	Susu emran	Kebutuhan Anak	RP.    18,000.00
		-
5-Mar-2026	manu takjil di mamah	Makan	RP.    81,000.00
	bensin dan tambal ban	Transportasi	RP.    265,000.00
	sikat gigi orto	Kebutuhan Rumah Tangga	RP.    127,000.00

	pelicin atrika	Kebutuhan Rumah Tangga	RP.    17,200.00
	kerudung teteh	Kebutuhan Anak	RP.    27,500.00
	kaos kaka gwen dll	Kebutuhan Kultural	RP.    86,000.00
	fieris booking iftar	Makan	RP.    315,000.00
	telor	Makan	RP.    15,000.00
		-
6-Mar-2026	Jajan anak2	Kebutuhan Anak	RP.    15,000.00
	Gajian enin	Kebutuhan Anak	RP.    150,000.00
	Ngasih enin + bi yayang	Kebutuhan Kultural	RP.    110,000.00
	Ayam sadudulur	Makan	RP.    45,000.00
		-
7-Mar-2026	sedsub	Kebutuhan Kultural	RP.    20,000.00
	sayuran dan takjil	Makan	RP.    30,500.00
	behel umma	Kebutuhan Tambahan	RP.    4,500,000.00
	ayam teh yuli	Makan	RP.    88,000.00
		-
8-Mar-2026	batagor abbi	Makan	RP.    10,000.00
	bis mjl bks	Transportasi	RP.    78,000.00
	makan nasi ayam madura	Makan	RP.    20,000.00
	Subscribe AI	Self Reward Abbi	RP.    49,000.00
	krl bekasi depok	Transportasi	RP.    5,000.00
	gojek stasiun kontrakan btu	Transportasi	RP.    17,000.00
	ngebul abbi	Self Reward Abbi	RP.    30,000.00
	ka jogja umma	-
	sayuran umma	Makan	RP.    14,500.00
	Minuman frestea	Kebutuhan Kultural	RP.    14,500.00
	Ultra full cream	Kebutuhan Anak	RP.    19,950.00
	Monde serena ER	Kebutuhan Kultural	RP.     64,900.00
	Monde serena	Kebutuhan Kultural	RP.     108,950.00
	Regal marie	Kebutuhan Kultural	RP.     62,950.00
	Khong guan	Kebutuhan Kultural	RP.     21,000.00
	Biskuit kaleng royal	Kebutuhan Kultural	RP.     59,000.00
	Deka mini wafer	Kebutuhan Kultural	RP.     15,000.00
	Minyak merah putih	Kebutuhan Kultural	RP.      35,000.00
	Mie sedap ayam bawang 2x	Kebutuhan Kultural	RP.      25,000.00
	Ultra coklat 3x	Kebutuhan Anak	RP.      57,000.00
	Ultra te kotak	Kebutuhan Kultural	RP.      13,000.00
	Gula	Kebutuhan Kultural	RP.       9,000.00
	Susu kental manis	Makan	RP.      15,000.00
	Roti hailai	Makan	RP.      15,000.00
	Inaco jelly	Kebutuhan Kultural	RP.      17,000.00
	Biokul 2x	Makan	RP.      14,000.00
	Ultra strawberry	Kebutuhan Kultural	RP.      16,000.00
	Softex charm	Kebutuhan Kultural	RP.      16,000.00
	Softex cinamon	Kebutuhan Rumah Tangga	RP.      18,000.00
	Indomie goreng	Kebutuhan Rumah Tangga	RP.       9,000.00
	Kodomo sikat gigi 2x	Kebutuhan Rumah Tangga	RP.       7,000.00
	Kapur barus	Kebutuhan Rumah Tangga	RP.    27,000.00
	Telur ayam 3/4	Makan	RP.    22,000.00
	Telur ayam 1/2kg 	Kebutuhan Kultural	RP.    15,000.00
	Buah naga	Makan	RP.    20,000.00
	Bwg putih	Kebutuhan Kultural	RP.    7,000.00
	Jamur enoki	Kebutuhan Kultural	RP.    6,500.00
	Nastar 2x	Kebutuhan Kultural	RP.    170,000.00
	playground + kaoskaki	Kebutuhan Anak	RP.    84,000.00
	baju robi	Kebutuhan Kultural	RP.    35,000.00
	Indomie bangladesh	Kebutuhan Kultural	RP.       3,000.00



9-Mar-2026	mr DIY	Kebutuhan Rumah Tangga	RP.    210,500.00
	Kolek dan buras	Makan	RP.    9,000.00
	Obat sariawan	Kebutuhan Tambahan	RP.    28,000.00
	Susu kotak emran	Kebutuhan Anak	RP.    4,000.00
	Gajihan enin	Kebutuhan Anak	RP.    100,000.00
	gojek kontrakan stasiun - krl - gojek ke terminal	Transportasi	RP.    25,500.00
	bis bks mjl	Transportasi	RP.    93,000.00
	takjil + makan buka puasa	Makan	RP.    50,000.00
	chatime	Self Reward Umma	RP.    61,000.00
	batre mainan emran	Kebutuhan Anak	RP.    6,000.00
		-
10-Mar-2026	gorengan alfa munjul	Makan	RP.    15,000.00
	ayam kecap + tongkol	Makan	RP.    25,000.00
	buras + gorengan	Makan	RP.    15,000.00
		-
		-
		-
11-Mar-2026	takjil oreg, ubi ungu, jus, gorengan	Makan	RP.    37,000.00
	aoka	Makan	RP.    2,500.00
	bayar sodakoh takjil	Kebutuhan Kultural	RP.    50,000.00
	cermin	Kebutuhan Rumah Tangga	RP.    33,000.00
		-
		-
		-
12-Mar-2026	emran jajan	Kebutuhan Anak	RP.    10,000.00
	kecap	Makan	RP.    10,000.00
	khalisa jajan	Kebutuhan Anak	RP.    5,000.00
	pisang	Makan	RP.    18,000.00
	cireng, puding, smara, batagor, oreg	Makan	RP.    56,000.00
	gigi dini	Tagihan	RP.    500,000.00
	robi	Tagihan	RP.    100,000.00
	water floser	Kebutuhan Rumah Tangga	RP.    80,000.00
	kapibara + mobil2 anak2	Kebutuhan Anak	RP.    68,000.00
	parkir	Transportasi	RP.    8,000.00
	sodakoh	Kebutuhan Kultural	RP.    25,000.00
		-
13-Mar-2026	sedekah firdaus	Kebutuhan Kultural	RP.    20,000.00
	khalisa jajan	Kebutuhan Anak	RP.    2,500.00
	makan sahur pasar kdp 	Makan	RP.    15,000.00
	Beli takjil cireng, risol, kolek, es bunga telang	Makan	RP.    30,000.00
	Pembayaran parcel Kepsek dan sedekah 	Tagihan	RP.    30,000.00
	takjil dimsum dan papges	Makan	RP.    57,500.00
	thr ke mamah	Kebutuhan Kultural	RP.    300,000.00
14-Mar-2026	sahur on the road	Makan	RP.    40,000.00
	perpanjang masa aktif kartu umma	Tagihan	RP.    65,000.00
	beli esim tri	Tagihan	RP.    35,000.00
	bensin	Transportasi	RP.    285,000.00
	beli makanan buat parcel lebaran	Kebutuhan Kultural	RP.    360,000.00
	playgroun Khalisa	Kebutuhan Anak	RP.    20,000.00
	mukena	Self Reward Umma	RP.    120,000.00
	buras + gorengan + ayam + baso tusuk	Makan	RP.    51,000.00
	sedekah al imam	Kebutuhan Kultural	RP.    10,000.00
	parkir	Transportasi	RP.    5,000.00
	mukena teteh	Kebutuhan Anak	RP.    70,000.00
		-
15-Mar-2026	zkt + sedsub	Kebutuhan Kultural	RP.    150,000.00
	lyngn	Self Reward Abbi	RP.    15,000.00
	takjil, cireng, lengko, kentang goyeng dll	Makan	RP.    47,000.00
	Sedekah buat zakat	Kebutuhan Kultural	RP.    20,000.00
16-Mar-2026	Gajian enin	Kebutuhan Anak	RP.    100,000.00
	Sedekah palestina dan Sumatra 	Kebutuhan Kultural	RP.    75,000.00
	Dimsum, gorengan, buras	Makan	RP.    50,000.00
	Ngasih k rikardo	Kebutuhan Kultural	RP.    50,000.00
	Anting emas	Kebutuhan Tambahan	RP.    1,030,000.00
	RQ Khalisa	Kebutuhan Anak	RP.    100,000.00
	Petasan kembang api	Kebutuhan Anak	RP.    12,000.00
		-
17-Mar-2026	sate	Makan	RP.    28,000.00
	seblak	Makan	RP.    37,000.00
	le minerale	Makan	RP.    4,000.00
	spre kasur	Kebutuhan Rumah Tangga	RP.    51,000.00
	gigi neng dini	Tagihan	RP.    455,000.00
	thr ke uu	Kebutuhan Kultural	RP.    200,000.00
		-
18-Mar-2026	sedsub	Kebutuhan Kultural	RP.    31,000.00
	Emran jajan mainan	Kebutuhan Anak	RP.    5,000.00
	Daging sapi	Makan	RP.    160,000.00
	Ngasih ke dede windy	Kebutuhan Kultural	RP.    150,000.00
	semangka	Makan	RP.    22,000.00
	Beli cimory indomart 	Kebutuhan Anak	RP.    15,000.00
19-Mar-2026	Beli bahan ke pasar	Makan	RP.    92,000.00
	Jajan tth khalisa dan emran 	Kebutuhan Anak	RP.    6,000.00
	Sedekah subuh+masjid lgk	Kebutuhan Kultural	RP.    27,000.00
	popok emran	Kebutuhan Anak	RP.    6,000.00
		-
20-Mar-2026	secub	Kebutuhan Kultural	RP.    25,000.00
	telur	Makan	RP.    10,000.00
	ciki, bahan makanan es kuwut, dll utk bukber	Kebutuhan Kultural	RP.    138,500.00
	berbagi thr ke suaudara bocil	Kebutuhan Kultural	RP.    140,000.00

21-Mar-2026	berbagi thr	Kebutuhan Kultural	RP.    400,000.00
	secub	Kebutuhan Kultural	RP.    10,000.00
		-
22-Mar-2026	secub	Kebutuhan Kultural	RP.    20,000.00
	bensin	Transportasi	RP.    215,000.00
	berbagi thr di subang	Kebutuhan Kultural	RP.    100,000.00
	masuk wisata & naik wahana prikitiew jamet	Kebutuhan Tambahan	RP.    177,000.00
	kuliner malam di pamanukan dan nostalgia (the best moment)	Makan	RP.    154,000.00
	oleh2 buat ke pamanukan	Kebutuhan Kultural	RP.    176,000.00
23-Mar-2026	secub	Kebutuhan Kultural	RP.    15,000.00
	kopi	Makan	RP.    7,500.00
	baso	Makan	RP.    40,000.00
	Bensin	Transportasi	RP.    100,000.00
24-Mar-2026	Nasi kuning	Makan	RP.    14,500.00
	Telur	Makan	RP.    17,000.00
	Hisana	Makan	RP.    58,000.00
	Sorabi	Makan	RP.    52,000.00
	Secub	Kebutuhan Kultural	RP.    25,000.00
		-
Gajian		-
25-Mar-2026	secub	Kebutuhan Kultural	RP.    15,000.00
	nasduk	Makan	RP.    14,000.00
	gopaylater	Tagihan	RP.    55,960.00
	superbank	Tagihan	RP.    324,000.00
	shopepaylater	Tagihan	RP.    811,014.00
	Seabank Pinjam	Tagihan	RP.    2,826,666.00
	Mainan Emran	Kebutuhan Anak	RP.    19,000.00
	jaket anak	Kebutuhan Anak	RP.    165,000.00
	My Republic inet	Tagihan	RP.    150,000.00
	cc Mandiri	Tagihan	RP.    270,296.00
	pulsa AON abbi	Tagihan	RP.    108,000.00
	Kondangan uleman ondangan pa maman	Kebutuhan Kultural	RP.    50,000.00
	Pulsa aon umma	Tagihan	RP.    118,500.00
	Ramen 	Makan	RP.    164,000.00
	Gajian enin	Kebutuhan Anak	RP.    100,000.00
	pijat abbi	Self Reward Abbi	RP.    100,000.00
	bensin motor	Transportasi	RP.    25,000.00
		-
26-Mar-2026	Secub	Kebutuhan Kultural	RP.    10,000.00
	naskun	Makan	RP.    20,000.00
	emran jajan	Kebutuhan Anak	RP.    4,000.00
	Mainan Emran	Kebutuhan Anak	RP.    48,000.00
	batre mainan	Kebutuhan Anak	RP.    24,000.00
	Telor 1kg	Makan	RP.    32,000.00
	Mainan tth Khalisa 	Kebutuhan Anak	RP.    70,000.00
	Gorengan dan lemineral	Makan	RP.    14,000.00
		-
27-Mar-2026	Secub	Kebutuhan Kultural	RP.    10,000.00
	Ayam	Makan	RP.    44,000.00
	Bumbu dapur	Makan	RP.    18,000.00
	Kulkas	Kebutuhan Tambahan	RP.    2,910,000.00
	lego + buku	Kebutuhan Anak	RP.    120,000.00
	gacoan	Makan	RP.    75,000.00
	parkir	Transportasi	RP.    10,000.00
	gajian enin	Kebutuhan Anak	RP.    100,000.00
28-Mar-2026	Secub	Kebutuhan Kultural	RP.    10,000.00
	gojek antar kunci motor	Kebutuhan Tambahan	RP.    17,000.00
	bonteng + melon + selasih 	Makan	RP.    46,500.00
	Roti bakar	Makan	RP.    26,000.00
	Seblak bersama2	Makan	RP.    119,000.00
29-Mar-2026	bis majalengka bekasi	Transportasi	RP.    120,000.00
	krl bekasi depok	Transportasi	RP.    5,000.00
	grab stasiun kontrakan	Transportasi	RP.    20,000.00
	makan malam + sahur	Makan	RP.    17,000.00
	Beli minum GGM+nasi uduk+gorengan	Makan	RP.    29,000.00
	Parkir GGM	Transportasi	RP.    2,000.00
	Bekel anak2 dirumah	Kebutuhan Anak	RP.    50,000.00
	Sanghyang dora tiket dan parkir 	Kebutuhan Rumah Tangga	RP.    15,000.00
	Minum di POS 2 dan 3 jajan sukro, rujak , jalakotek	Makan	RP.    45,000.00
	Nasi goreng malam	Makan	RP.    15,000.00
	Popok emran dan susu kotak ultra 1L beli 3	Kebutuhan Anak	RP.    102,600.00
		-

30-Mar-2026	gojek kontrakan stasiun + krl	Transportasi	RP.    18,000.00
	sarapan gak jadi puasa	Makan	RP.    19,000.00
	Secub	Kebutuhan Kultural	RP.    10,000.00
	Mie ayam	Makan	RP.    15,000.00
	Baso buat bocil	Kebutuhan Anak	RP.    13,000.00
	bis lb bulus cikopo	Transportasi	RP.    50,000.00
	bis cikopo - majalengka	Transportasi	RP.    90,000.00
	jajan cemilan	Makan	RP.    20,000.00
	gojek ke rumah	Transportasi	RP.    13,000.00
		-
31-Mar-2026	Lengko dan telur	Makan	RP.    36,000.00
	Jajan es ubi ungu	Makan	RP.    10,000.00
	Mie goreng khalisa dan permen	Kebutuhan Anak	RP.    6,500.00
	Ngasih ke rikardo	Kebutuhan Kultural	RP.    15,000.00
	Beli telor asin	Makan	RP.    7,000.00
	Beli jalakotek	Makan	RP.    12,000.00
	Bayar buble wrap kulkas	Kebutuhan Rumah Tangga	RP.    70,000.00
	Beli skincare abbi dan kebutuhan abbi	Self Reward Abbi	RP.    133,000.00
	Bensin mobil	Transportasi	RP.    215,000.00
1-Apr-2026	sayuran dan bahan makanan	Makan	RP.    236,000.00
	daftar Khalisa	Kebutuhan Anak	RP.    214,000.00
	ngasih neng dini + jajan emran	Kebutuhan Anak	RP.    35,000.00
	secub	Kebutuhan Kultural	RP.    10,000.00
	plat nomor	Transportasi	RP.    37,000.00
2-Apr-2026	Sedekah PGRI	Kebutuhan Kultural	RP.    15,000.00
	Parkir motor	Transportasi	RP.    4,000.00
	Secub	Kebutuhan Kultural	RP.    10,000.00
	Lipstick umma	Self Reward Umma	RP.    136,000.00
	Sarikaya	Makan	RP.    15,000.00
3-Apr-2026	Secub	Kebutuhan Kultural	RP.    10,000.00
	Papgesh	Makan	RP.    25,000.00
	Parkir pipis	Transportasi	RP.    4,000.00
	Pepes ikan	Makan	RP.    14,000.00
	Gajian enin	Kebutuhan Anak	RP.    100,000.00

4-Apr-2026	Ketoprak	Makan	RP.    32,000.00
	Minum dan susu indomart	Makan	RP.    9,500.00
	Secub	Kebutuhan Kultural	RP.    10,000.00
	Meraki caffe	Makan	RP.    68,000.00
	Mako	Makan	RP.    42,000.00
	Parkir 2x	Transportasi	RP.    4,000.00
	Bensin	Transportasi	RP.    30,000.00
	Neng dini ngasih	Kebutuhan Kultural	RP.    16,000.00
	Jajan anak2	Kebutuhan Anak
	Robi	Tagihan	RP.    100,000.00
5-Apr-2026	Belanja sayur dan daging	Makan	RP.    91,000.00
	Minyak sayur	Makan	RP.    20,000.00
	Sovia minyak goreng 	Makan	RP.    39,000.00
	Ultra full cream	Makan	RP.    20,000.00
	Indomie goreng 5	Makan	RP.    15,500.00
	Tissu	Kebutuhan Rumah Tangga	RP.    16,000.00
	Buah naga	Makan	RP.    16,000.00
	Keju	Makan	RP.    12,000.00
	Sedap mie	Makan	RP.    5,000.00
	Kapas	Kebutuhan Rumah Tangga	RP.    6,000.00
	Meises seres	Makan	RP.    7,000.00
	Roti tawar	Makan	RP.    15,500.00
	Jamur enoki	Makan	RP.    6,000.00
	Makuku popok	Makan	RP.    85,000.00
	Santan	Makan	RP.    5,000.00
	Anggur	Makan	RP.    32,500.00
	Lengkeng	Makan	RP.    17,000.00
	Jeruk santang	Makan	RP.    26,000.00
	Pear buah	Makan	RP.    21,000.00
	Donat kepang	Makan	RP.    8,000.00
	Ayam goreng 	Makan	RP.    12,000.00
	Secub	Kebutuhan Kultural	RP.    10,000.00



6-Apr-2026	Kabel 7m	Kebutuhan Kultural	RP.    32,000.00
	Dimsum 	Makan	RP.    20,000.00
	Undangan pa toto	Makan	RP.    50,000.00
	Nasi uduk Cirebon 	Makan	RP.    23,000.00
	Kotak amal mesjid	Kebutuhan Kultural	RP.    5,000.00
	Parkir	Transportasi	RP.    4,000.00
	Kacang dan kopi	Makan	RP.    23,000.00
	Le mineral besar	Makan	RP.    6,000.00
	Kontrol behel gigi	Self Reward Umma	RP.    250,000.00
	Secub 	Kebutuhan Kultural	RP.    10,000.00
	Bensin rajagaluh	Transportasi	RP.    25,000.00




7-Apr-2026	ongkos mjl - cikopo	Transportasi	RP.    70,000.00
	ongkos cikopo lebak bulus	Transportasi	RP.    55,000.00
	sarapan + cai	Makan	RP.    25,000.00
	Dimsum 	Makan	RP.    38,000.00
	Mainan mobil	Kebutuhan Anak	RP.    15,000.00
	Jajan sekolah	Makan	RP.    5,000.00
	Gajian enin	Kebutuhan Anak	RP.    50,000.00
	Robi	Tagihan	RP.    100,000.00
	secub	Kebutuhan Kultural
		-
8-Apr-2026	ongkos bis pulang	Transportasi	RP.    125,000.00
	jajan cemilan di bis	Makan	RP.    10,000.00
	gojek dr hotel ke pool bis	Transportasi	RP.    14,000.00
	mainan khalisa emran	Kebutuhan Anak	RP.    60,000.00
	jajan sore tahu otak2 cuanki seblak minum 	Makan	RP.    50,000.00
	parkir	Transportasi	RP.    2,000.00
	kencleng secub	Kebutuhan Kultural	RP.    20,000.00
	Sedekah mesjid 	Kebutuhan Kultural	RP.    10,000.00
	Roid cemilan dan tempe	Makan	RP.    20,000.00
	Makan nasi padang abbi	Makan	RP.    22,000.00
	Laba2)	Makan	RP.    10,000.00




9-Apr-2026	bakso malang	Makan	RP.    30,000.00
	secub	Kebutuhan Kultural	-
	ciyok abbi	Makan	RP.    10,000.00
	Nasi padang umma	Makan	RP.    20,000.00
		-
		-
		-
10-Apr-2026	sayuran	Makan	RP.    100,000.00
	secub	Kebutuhan Kultural	RP.    10,000.00
	Bensin denif dan bensin POM	Transportasi	RP.    239,000.00
	Jajan di sekolah	Makan	RP.    7,500.00
	Abey dan dimsum	Makan	RP.    66,000.00
	Khimar Bandan	Self Reward Umma	RP.    170,000.00
	Gajian enin	-
11-Apr-2026	secub	Kebutuhan Kultural	RP.    10,000.00
	bubur kacang kdp	Makan	RP.    20,000.00
	parkir	Transportasi	RP.    5,000.00
	sayuran, daging, sarapan	Makan	RP.    118,000.00
	telur + desaku	Makan	RP.    31,000.00
	Pecin	Makan	RP.    5,000.00

	Ngasih bolu si sindy	Kebutuhan Kultural	RP.    100,000.00
12-Apr-2026	GGM ikn,ste+gehu+jruk dll+kue jdul	Makan	RP.    157,000.00
	Kipas	Kebutuhan Kultural	RP.    10,000.00
	Susu emran+yogurt+sosis khalisa	Kebutuhan Anak	RP.    33,000.00
	Martabak	Makan	RP.    17,000.00
	Robi 	Tagihan	RP.    100,000.00
	Pijit	Self Reward Umma	RP.    90,000.00
	Jajan anak2 di rumah	Kebutuhan Anak	RP.    6,000.00
	Ngajait rok umma PNS	Kebutuhan Tambahan	RP.    20,000.00
		-
		-
		-
13-Apr-2026	Buras pagi	Makan	RP.    15,500.00
	Nasi padang+es+tahu sumedang	Makan	RP.    37,000.00
	bis mjl cikopo	Transportasi	RP.    60,000.00
	bis cikopo lb bulus	Transportasi	RP.    40,000.00
	maxim lb bulus ke pusdatin	Transportasi	RP.    16,000.00
	makan malam di BTU	Makan	RP.    14,000.00
	enin	Kebutuhan Anak	100000
	jajan mainan 	Makan	RP.    10,000.00
		-
14-Apr-2026	maxim ke stasiun depok	Transportasi	RP.    12,000.00
	krl depok bekasi	Transportasi	RP.    5,000.00
	sarapan	Makan	RP.    15,000.00
	cemilan + air	Makan	RP.    18,000.00
	bis bekasi mjalengka	Transportasi	RP.    75,000.00
	nasi padang 	Makan	RP.    42,000.00
	sekolah jajan	Makan	RP.    75,000.00
	Nasi goreng	Makan	RP.    17,000.00
	beras 2KG	Makan	RP.    34,000.00
	susu emran 	Kebutuhan Anak	RP.    23,500.00
	Khalisa Bayar sekolah Al afiyah	Kebutuhan Anak	RP.    750,000.00
	secub	Kebutuhan Kultural	RP.    10,000.00
		-
		-
15-Apr-2026	secub	Kebutuhan Kultural	RP.    10,000.00
	bensin motor	Transportasi	RP.    33,000.00
	buras tempe dll	Makan	RP.    22,000.00
	umma di sekolah jajan	Makan	RP.    7,000.00
	enin	Kebutuhan Anak	RP.    100,000.00
	listrik	Tagihan	RP.    431,800.00
	Roti 	Makan	RP.    22,500.00
		-
16-Apr-2026	Secub	Kebutuhan Kultural	RP.    10,000.00
	Basker bw bombay cau	Makan	RP.    25,000.00
	Sayur mayur dan tempe tahu	Makan	RP.    42,000.00
	widwis khalisa	Kebutuhan Anak	RP.    395,000.00
		-
		-
17-Apr-2026	sayur + protein	Makan	RP.    57,000.00
	jjn umma	Makan	RP.    5,000.00
	Enin gajian	Kebutuhan Anak	RP.    100,000.00
	Beras	Makan	RP.    75,000.00
	Gelato+susu coklat 	Kebutuhan Anak	RP.    45,000.00
	Roti dan muffin	Makan	RP.    10,500.00
	Papgesh 	Makan	RP.    25,000.00
	Tahu crispi	Makan	RP.    15,000.00
		-
		-
		-
18-Apr-2026	Buras	Makan	RP.    15,000.00
	Pangsit	Makan	RP.    15,000.00
	Bumbu dan saos	Makan	RP.    11,000.00
	Daster	Kebutuhan Kultural	RP.    115,000.00
		-
19-Apr-2026	Buras	Makan	RP.    19,000.00
	Secub	Kebutuhan Kultural	RP.    25,000.00
	Mie dll jajan di panyaweuyan	Makan	RP.    30,000.00
	telur  + ladaku	Makan	RP.    18,000.00
	dimsum	Makan	RP.    24,000.00
	sarung kasur lantay	Kebutuhan Rumah Tangga	RP.    15,000.00
	bis berangkat mjl bekasi	Transportasi	RP.    75,000.00
	minum	Makan	RP.    8,000.00
	krl - gojek stasiun kontrakn depok	Transportasi	RP.    17,000.00
		-
20-Apr-2026	kontrakan stasiun	Transportasi	RP.    16,000.00
	sarapan uduk	Makan	RP.    13,000.00
	krl ke tanjung barat	Transportasi	RP.    3,000.00
	busway ke fatmawati	Transportasi	RP.    3,500.00
	gojek fatmawati ke hotel	Transportasi	RP.    8,500.00
	jajan umma	Makan	RP.    10,000.00
	jajan khalisa emran	Kebutuhan Anak	RP.    5,000.00
	etong bakar	Makan	RP.    50,000.00
	secub	Kebutuhan Kultural	RP.    10,000.00
		-
21-Apr-2026	gojek hotel ke fatmawati	Transportasi	RP.    8,500.00
	mrt ke dukuh atas	Transportasi	RP.    15,000.00
	krl ke sudirman bekasi	Transportasi	RP.    3,000.00
	roti	Makan	RP.    15,000.00
	gojeg stasiun- mako-terminal	Transportasi	RP.    24,500.00
	mako culako	Self Reward Abbi	RP.    78,000.00
	bis bks mjl	Transportasi	RP.    90,000.00
	mie rebus oman	Kebutuhan Kultural	RP.    16,000.00
	telur 1/2	Makan	RP.    15,000.00
	nasi biryani	Makan	RP.    34,000.00
	jajan anaka2 kue laba2	Kebutuhan Anak	RP.    10,000.00
	cilok goang	Makan	RP.    10,000.00
	roti Khalisa	Kebutuhan Anak
	Bensin mobil	Transportasi	RP.    105,000.00
22-Apr-2026	buras dan gorengan sarapan	Makan	RP.    17,000.00
	telur stngah	Makan	RP.    15,000.00
	beli obat rumput	Kebutuhan Tambahan	RP.    50,000.00
	bensin motor beat	Transportasi	RP.    20,000.00
	ngopi abbi	Self Reward Abbi	RP.    21,000.00
	belanja buat widwis	Kebutuhan Tambahan	RP.    80,000.00
	jajan kripik	Makan	RP.    5,000.00
	jjn emran	Kebutuhan Anak	RP.    6,500.00
		-
		-
23-Apr-2026	sayur dan daging dan sarapan	Makan	RP.    67,000.00
	sumedang bacang	Makan	RP.    27,000.00
	emran jajan	Kebutuhan Anak	RP.    15,000.00
	de robi pinjem malem2	Tagihan	RP.    50,000.00
	takziah teh nyai (bayar ke mamah) 	Kebutuhan Tambahan	RP.    100,000.00
	jajan  dan makan widwis	Makan	RP.    111,000.00
	oleh2	Kebutuhan Kultural	RP.    214,000.00
	enin	Kebutuhan Anak	RP.    120,000.00
		-
Gajian
24-Apr-2026	Ke yogya	Kebutuhan Anak	RP.    166,300.00
	Jajan with th lilih ke sigana	Self Reward Umma	RP.    113,000.00
	Bayaran enin	Kebutuhan Anak	RP.    60,000.00
	Masjid	Kebutuhan Kultural	RP.    100,000.00
	khalisa emran jajan	Kebutuhan Anak	RP.    20,000.00
	yogya	Makan	RP.    359,200.00
	yogya	Kebutuhan Rumah Tangga	RP.    54,000.00
	sembako ke mamah	Kebutuhan Kultural	RP.    120,000.00
25-Apr-2026	Sayuran 	Makan	RP.    44,000.00
	Sorabi	Makan	RP.    26,000.00
	Abah naus	Makan	RP.    140,000.00
	Bensin	Transportasi	RP.    205,000.00
	tanaman	Kebutuhan Rumah Tangga	RP.    150,000.00
	susu emran	Kebutuhan Anak	RP.    27,000.00
	jam tangan khalisa	Kebutuhan Anak	RP.    148,000.00
	sendal abbi	Kebutuhan Rumah Tangga	RP.    73,500.00
	tongsis	Kebutuhan Rumah Tangga	RP.    103,000.00
	Wadah kamar mandi	Kebutuhan Rumah Tangga	RP.    40,500.00
		-
		-
26-Apr-2026	Turnamen 	Makan	RP.    20,000.00
	Kripik	Makan	RP.    10,000.00
	Nasi kuning	Makan	RP.    13,000.00
	Mochi	Makan	RP.    10,000.00
	Ayam 3kg	Makan	RP.    143,000.00
	Duren+tahu gejrot+duren+ayam penyet+es klpa	Makan	RP.    170,000.00
	Robi	Tagihan	RP.    60,000.00
	jam spidermen emran	Kebutuhan Anak	RP.    20,000.00
		-
27-Apr-2026	bensin motor	Transportasi	RP.    35,000.00
	nyuguhan pa ocep 	Kebutuhan Kultural	RP.    23,000.00
	jjn umma	Makan	RP.    5,000.00
	dwp iuran arisan umma	Kebutuhan Tambahan	RP.    45,000.00
	jjn emran bekel	Kebutuhan Anak	RP.    10,000.00
	Sekolah Khalisa dan Rumah Quran	Kebutuhan Anak	RP.    3,700,000.00
	Kapstok dan capitan	Kebutuhan Rumah Tangga	RP.    46,000.00
	Skincare umma	Kebutuhan Rumah Tangga	RP.    216,000.00
	Tanaman	Kebutuhan Rumah Tangga	RP.    200,000.00
	emran susu sore	Kebutuhan Anak	RP.    10,000.00
	pak ocep	Kebutuhan Rumah Tangga	RP.    50,000.00
	enin	Kebutuhan Anak	RP.    50,000.00
	gula, kecap, saos	Makan	RP.    23,000.00
	layangan abbi	Self Reward Abbi	RP.    100,000.00
		-
28-Apr-2026	pangsit, wortel, bawang daun, tempe	Makan	RP.    29,000.00
	cemilan pak ocep	Kebutuhan Kultural	RP.    5,000.00
	Uang kas khalisa	Kebutuhan Anak	RP.    120,000.00
	Jajan umma sklah	Makan	RP.    12,000.00
	Alat cangkul berkebun	Kebutuhan Rumah Tangga	RP.    57,000.00
	pijat abbi	Self Reward Abbi	RP.    100,000.00
		-
29-Apr-2026	jajan emran	Kebutuhan Anak	RP.    4,500.00
	Gorengan 	Makan	RP.    16,000.00
	Uang hilang	Kebutuhan Kultural	RP.    120,000.00
	Baju abbi	Kebutuhan Rumah Tangga	RP.    116,000.00
	robi	Tagihan	RP.    300,000.00
	jajan baso	Makan	RP.    15,000.00
		-
		-
30-Apr-2026	jajan emran	Kebutuhan Anak	RP.    12,500.00
	Buras	Makan	RP.    12,500.00
	Jajan sekolah	Makan	RP.    12,000.00
	Ngasih sm faisal bara yaka)	Kebutuhan Kultural	RP.    20,000.00
	ngopi abbi	Self Reward Abbi	RP.    22,000.00
	telur	Makan	RP.    31,000.00
		-
		-
1-May-2026	buras sayur pagi	Makan	RP.    66,000.00
	jajan Khalisa	Kebutuhan Anak	RP.    5,000.00
	ngopi	Self Reward Abbi	RP.    50,000.00
	ngopi	Self Reward Umma	RP.    63,000.00
	pizza	Makan	RP.    60,000.00
	bensin	Transportasi	RP.    205,000.00
		-
		-
2-May-2026	Ketoprak, jus alpikat dan aqua	Makan	RP.    50,000.00
	Jajan emran	Kebutuhan Anak	RP.    15,000.00
	Seblak	Makan	RP.    30,000.00
	Dede robi	Tagihan	RP.    100,000.00
	Ateu dini	Tagihan	RP.    100,000.00
	Gajian enin + pa ocep	Kebutuhan Anak	RP.    75,000.00
	beli air minum dan cemilan perjalanan ke tj sari	Self Reward Abbi	RP.    31,000.00
	gelasan abbi	Self Reward Abbi	RP.    150,000.00
	makan abbi 	Makan	RP.    17,000.00
	makan traktif	Kebutuhan Kultural	RP.    30,000.00
		-
3-May-2026	Nasi kuning endeus	Makan	RP.    32,000.00
	Burger dan abey	Makan	RP.    96,000.00
	Robi	Makan	RP.    201,000.00
	Susu coklat emran	Kebutuhan Anak	RP.    22,000.00
	Dede Robi 	Tagihan	RP.    201,000.00
		-
4-May-2026	Buras dan risol	Makan	RP.    18,000.00
	Bayar sertifikasi 3bln	Kebutuhan Kultural	RP.    100,000.00
	Gorengan di sklah	Makan	RP.    5,000.00
	Telor 1kg, ayam 2,5kg	Makan	RP.    132,000.00
	Sabun cuci	Kebutuhan Rumah Tangga	RP.    10,000.00
	Jus buah bocil	Kebutuhan Anak	RP.    12,000.00
	Bw putih	Makan	RP.    4,000.00
	Jajan bocil 	Kebutuhan Anak	RP.    12,000.00
	Beli deorex, alat pijat, koyo, korek kuping, sabun mandi	Kebutuhan Rumah Tangga	RP.    150,000.00
	bis mjl - cikopo - lbk bulus, gojek 	Transportasi	RP.    100,000.00
	jajan cemilan dan minuman	Makan	RP.    10,000.00
	cemilan buat begadang	Makan	RP.    14,000.00
	jajan ngabul abbi	Self Reward Abbi	RP.    28,000.00
	deodoran abbi	Kebutuhan Rumah Tangga	RP.    23,000.00
		-
5-May-2026	bayar listrik	Tagihan	RP.    500,000.00
	Soto dan jajan di sekolah	Makan	RP.    12,000.00
	Dimsum	Makan	RP.    20,000.00
	Tempe tahu	Makan	RP.    10,000.00
	Pukis buat nene	Makan	RP.    10,000.00
	Jajan anak2	Kebutuhan Anak	RP.    13,000.00
	Beli alat2 tulis buat anak di rumah	Kebutuhan Anak	RP.    62,000.00
	Lemon sari	Makan	RP.    30,000.00
	ngebul abbi	Self Reward Abbi	RP.    27,000.00

6-May-2026	Piscok	Makan	RP.    3,000.00
	Mie ayam	Makan	RP.    12,000.00
	Ke kafe HOOK	Makan	RP.    139,000.00
	Beli cuanki bocil	Makan	RP.    20,000.00
	Roti bakar	Makan	RP.    20,000.00
	Gajian enin	Makan	RP.    50,000.00
	Jajan bocil	Makan	RP.    8,000.00
	Tempered glass dan casing hp	Makan	RP.    63,000.00
	ongkos bis dan gojek (pulang) 	Transportasi	RP.    130,000.00
	makan dan jajan abbi	Makan	RP.    20,000.00

7-May-2026	ngaliwet	Self Reward Abbi	RP.    50,000.00
	dimsum	Makan	RP.    120,000.00
	patungan nengok pak kepala	Kebutuhan Kultural	RP.    15,000.00
	mie ayam	Makan	RP.    12,000.00

8-May-2026	ayam potong	Makan	RP.    100,000.00
	masjid jumatan	Kebutuhan Kultural	RP.    10,000.00
	enin pesangon	Kebutuhan Anak	RP.    100,000.00
	pesangon	Kebutuhan Kultural	RP.    500,000.00
	buras	Makan	RP.    10,000.00
	oreg	Makan	RP.    5,000.00
	ngebul abbi	Self Reward Abbi	RP.    28,000.00
	ayam potong	Makan	RP.    100,000.00
	Bakso malang	Makan	RP.    17,000.00


9-May-2026	cheesecuit	Makan	RP.    42,000.00
	sayuran	Makan	RP.    65,000.00
	fiber pager	Kebutuhan Rumah Tangga	RP.    30,000.00
	seblak sebluk	Makan	RP.    31,000.00

10-May-2026	Jambu, basbak, ketbak, bubur, greentea, donat, crepes, bw putih, es klpa, 	Makan	RP.    83,600.00
	Main anak2 (pasir2an dan melukis)	Kebutuhan Anak	RP.    20,000.00
	Stiker 	Kebutuhan Anak	RP.    10,000.00
	gorengan	Makan	RP.    15,000.00
	pijat bahu	Self Reward Abbi	RP.    100,000.00
	cukur abbi	Kebutuhan Rumah Tangga	RP.    20,000.00

11-May-2026	Jajan Abbi	Makan	RP.    10,000.00
	jajan emran	Kebutuhan Anak	RP.    5,000.00
	minyak sayur dan saos	Makan	RP.    60,000.00


12-May-2026	pijat umm	Self Reward Umma	RP.    100,000.00
	iuran dwp	Kebutuhan Tambahan	RP.    32,500.00
	buah buahan	Makan	RP.    5,000.00
	ngasih anak2 sakola	Kebutuhan Kultural	RP.    10,000.00
	nyuguhan kumpulan panitia	Self Reward Abbi	RP.    15,000.00
	jajan umma	Makan	RP.    8,000.00
	emran susu	Kebutuhan Anak	RP.    7,000.00
	endog 1kg	Makan	RP.    30,000.00
	sabun cuci baju	Kebutuhan Rumah Tangga	RP.    10,000.00
	sotong barudak	Makan	RP.    10,000.00

13-May-2026	emran jajan	Kebutuhan Anak	RP.    5,000.00
	ngebul abbi + ngopi	Self Reward Abbi	RP.    31,000.00
	DP Qurban	Kebutuhan Kultural	RP.    1,000,000.00
	belanja pagi sarapan sayuran daging dll	Makan	RP.    96,500.00
	gorengan dan jus 	Makan	RP.    27,000.00

14-May-2026	jajan sotong khalisa emran abbi	Makan	RP.    10,000.00
	Beli celana umma	Self Reward Umma	RP.    63,000.00
	Celana tth sm dede	Kebutuhan Anak	RP.    143,000.00
	Kopi umma	Self Reward Umma	RP.    27,000.00
	Makan umma dan pukis	Makan	RP.    30,000.00
	Kesed	Kebutuhan Rumah Tangga	RP.    22,000.00


15-May-2026	Makan pagi naskun dll	Makan	RP.    30,000.00
	Naik kuda	Kebutuhan Anak	RP.    5,000.00
	Daun jeruk	Makan	RP.    3,000.00
	Telur masako kecap asem	Makan	RP.    47,000.00

16-May-2026	Sotong jajan anak2	Kebutuhan Anak	RP.    25,000.00
	Roti tian lala	Makan	RP.    32,000.00
	Baju spiderman	Kebutuhan Anak	RP.    35,000.00
	Beli sapu	Kebutuhan Rumah Tangga	RP.    15,000.00
	Ngebul abbi	Self Reward Abbi	RP.    26,500.00
	Bagan dadakan	Self Reward Abbi	RP.    30,000.00
	Regis turnamen	Self Reward Abbi	RP.    50,000.00


17-May-2026	Beli buras dll	Makan	RP.    28,000.00
	Ayam 1kg	Makan	RP.    40,000.00
	Telor 1kg	Makan	RP.    30,000.00
	Jajan bocil	Kebutuhan Anak	RP.    10,000.00
	Makan di kang bubur alun	Makan	RP.    61,000.00
	Jajan minuman abbs	Makan	RP.    5,000.00
	Sedekah al imam	Kebutuhan Kultural	RP.    5,000.00
	Parkir	Transportasi	RP.    2,000.00


18-May-2026	gojek bis lrt krl gojek	Transportasi	RP.    112,000.00
	jjn di bis	Makan	RP.    5,000.00
	Jajan di sekolah	Makan	RP.    5,000.00
	Bensin motor	Transportasi	RP.    26,000.00
	Semangka	Makan	RP.    19,000.00
	Grab Khalisa 	Transportasi	RP.    10,000.00
	makan siang	Makan	RP.    22,000.00
	jjn batagor	Makan	RP.    10,000.00
	ngebul abbi	Self Reward Abbi	RP.    31,000.00
	Jajan anak2 kueh basah	Kebutuhan Anak	RP.    15,000.00

19-May-2026	makan malam	Makan	RP.    18,000.00
	beli makan sahur shopefood	Makan	RP.    31,000.00
	Jajan anak2 di rumah	Kebutuhan Anak	RP.    15,000.00
	Kontrol dokter gigi	Kebutuhan Tambahan	RP.    250,000.00
	Mixue anak2	Kebutuhan Anak	RP.    25,000.00
	Sushi tei	Makan	RP.    75,000.00
	Ayam bakar	Makan	RP.    30,000.00
	Susu emran	Kebutuhan Anak	RP.    10,000.00
	Parkir+isi angin	Transportasi	RP.    13,000.00
	Jajan soto di sekolah	Makan	RP.    10,000.00
20-May-2026	gojek krl bis	Transportasi	RP.    108,000.00
	beli gorengan buka puasa	Makan	RP.    10,000.00
	Gojeg dr psm k Sindangkasih 	Transportasi	RP.    22,000.00
	Beli jus	Makan	RP.    24,000.00
	Batagor	Makan	RP.    20,000.00
	Dimsum	Makan	RP.    85,000.00
	Ngasih bi enok	Kebutuhan Kultural	RP.    25,000.00
	Air minum	Makan
	Ngebul abbi	Self Reward Abbi


21-May-2026	takjil buka puasa	Makan	RP.    64,000.00
	buras + sebalk	Makan	RP.    36,000.00
	gamis	Kebutuhan Rumah Tangga	RP.    207,000.00
	Popok dan ulat tangga	Kebutuhan Anak	RP.    21,000.00


22-May-2026	bensin motor	Transportasi	RP.    20,000.00
	jjn anak2	Kebutuhan Anak	RP.    12,000.00
	bensin mobil parkir	Transportasi	RP.    208,000.00
	Rencang sangu	Makan	RP.    34,000.00
	Donat	Kebutuhan Anak	RP.    5,000.00

23-May-2026	Roti bakar dan etong	Makan	RP.    60,000.00
	Ngebul abbi	Self Reward Abbi	RP.    27,000.00
	Jajan anak2	Kebutuhan Anak	RP.    10,000.00

24-May-2026	Buras+air minum	Makan	RP.    21,500.00
	Bubur	Kebutuhan Anak	RP.    7,000.00
	Kerupuk 	Makan	RP.    10,000.00
	telur	Makan	RP.    29,000.00
	Jajan diluar	Makan	RP.    70,000.00
	neng dini	Kebutuhan Kultural	RP.    20,000.00
	emran susu	Kebutuhan Anak	RP.    6,000.00

gajian	gajian
25-May-2026	cleo	Makan	RP.    21,000.00
	cemilan abbi stress	Makan	RP.    40,000.00
	ongkos pak endang	Transportasi	RP.    35,000.00
	dokter dan obat abbi	Kebutuhan Tambahan	RP.    150,000.00
	Domba dan wa daim	Kebutuhan Kultural	RP.    2,600,000.00
	martabak teh euis	Kebutuhan Kultural	RP.    17,000.00
	kopi hook	Self Reward Umma	RP.    22,000.00
	jajan yogurt emran	Kebutuhan Anak	RP.    10,000.00
	parkir	Transportasi	RP.    5,000.00
	Jajan emran	Kebutuhan Anak	RP.    6,500.00
	Cilok	Kebutuhan Kultural	RP.    15,000.00

26-May-2026	susu emran + popok 	Kebutuhan Anak	RP.    15,500.00
	bayar internet	Tagihan	RP.    161,000.00
	bayar server 	Tagihan	RP.    92,108.00
